Date,Workout Name,Duration,Exercise Name,Set Order,Weight,Reps,Distance,Seconds,Notes,Workout Notes,RPE
2023-05-21 18:24:10,"Evening Workout",1h 13m,"Bench Press (Barbell)",1,85.0,8,0,0,"","",
2023-05-21 18:24:10,"Evening Workout",1h 13m,"Bench Press (Barbell)",2,85.0,7,0,0,,,
2023-05-21 18:24:10,"Evening Workout",1h 13m,"Bench Press (Barbell)",3,85.0,6,0,0,,,
2023-05-21 18:24:10,"Evening Workout",1h 13m,"Incline Chest Press (Machine)",1,25.0,13,0,0,"",,
2023-05-21 18:24:10,"Evening Workout",1h 13m,"Incline Chest Press (Machine)",2,30.0,12,0,0,,,
2023-05-21 18:24:10,"Evening Workout",1h 13m,"Incline Chest Press (Machine)",3,30.0,12,0,0,,,
2023-05-21 18:24:10,"Evening Workout",1h 13m,"Lateral Raise (Cable)",1,7.0,13,0,0,"",,
2023-05-21 18:24:10,"Evening Workout",1h 13m,"Lateral Raise (Cable)",2,7.0,11,0,0,,,
2023-05-21 18:24:10,"Evening Workout",1h 13m,"Lateral Raise (Cable)",3,7.0,8,0,0,,,
2023-05-21 18:24:10,"Evening Workout",1h 13m,"Skullcrusher (Dumbbell)",1,15.0,12,0,0,"",,
2023-05-21 18:24:10,"Evening Workout",1h 13m,"Skullcrusher (Dumbbell)",2,15.0,9,0,0,,,
2023-05-21 18:24:10,"Evening Workout",1h 13m,"Skullcrusher (Dumbbell)",3,15.0,5,0,0,,,
2023-05-21 18:24:10,"Evening Workout",1h 13m,"Triceps Pushdown (Cable - Straight Bar)",1,10.0,15,0,0,"",,
2023-05-21 18:24:10,"Evening Workout",1h 13m,"Triceps Pushdown (Cable - Straight Bar)",2,10.0,13,0,0,,,
2023-05-21 18:24:10,"Evening Workout",1h 13m,"Triceps Pushdown (Cable - Straight Bar)",3,10.0,10,0,0,,,
2023-05-24 20:57:56,"Evening Workout",1h 41m,"Shoulder Press (Plate Loaded)",1,18.0,10,0,0,"","",
2023-05-24 20:57:56,"Evening Workout",1h 41m,"Shoulder Press (Plate Loaded)",2,18.0,10,0,0,,,
2023-05-24 20:57:56,"Evening Workout",1h 41m,"Shoulder Press (Plate Loaded)",3,18.0,9,0,0,,,
2023-05-24 20:57:56,"Evening Workout",1h 41m,"Lateral Raise (Cable)",1,7.0,13,0,0,"",,
2023-05-24 20:57:56,"Evening Workout",1h 41m,"Lateral Raise (Cable)",2,7.0,12,0,0,,,
2023-05-24 20:57:56,"Evening Workout",1h 41m,"Lateral Raise (Cable)",3,7.0,9,0,0,,,
2023-05-24 20:57:56,"Evening Workout",1h 41m,"Reverse Fly (Cable)",1,7.0,15,0,0,"",,
2023-05-24 20:57:56,"Evening Workout",1h 41m,"Reverse Fly (Cable)",2,7.0,14,0,0,,,
2023-05-24 20:57:56,"Evening Workout",1h 41m,"Reverse Fly (Cable)",3,7.0,12,0,0,,,
2023-05-24 20:57:56,"Evening Workout",1h 41m,"Triceps Pushdown (Cable - Straight Bar)",1,10.0,15,0,0,"",,
2023-05-24 20:57:56,"Evening Workout",1h 41m,"Triceps Pushdown (Cable - Straight Bar)",2,10.0,15,0,0,,,
2023-05-24 20:57:56,"Evening Workout",1h 41m,"Triceps Pushdown (Cable - Straight Bar)",3,10.0,15,0,0,,,
2023-05-24 20:57:56,"Evening Workout",1h 41m,"Incline Curl (Dumbbell)",1,15.0,9,0,0,"",,
2023-05-24 20:57:56,"Evening Workout",1h 41m,"Incline Curl (Dumbbell)",2,15.0,7,0,0,,,
2023-05-24 20:57:56,"Evening Workout",1h 41m,"Incline Curl (Dumbbell)",3,15.0,7,0,0,,,
2023-05-24 20:57:56,"Evening Workout",1h 41m,"Skullcrusher (Dumbbell)",1,15.0,13,0,0,"",,
2023-05-24 20:57:56,"Evening Workout",1h 41m,"Skullcrusher (Dumbbell)",2,15.0,10,0,0,,,
2023-05-24 20:57:56,"Evening Workout",1h 41m,"Skullcrusher (Dumbbell)",3,15.0,7,0,0,,,
2023-05-24 20:57:56,"Evening Workout",1h 41m,"Hammer Curl (Dumbbell)",1,15.0,15,0,0,"",,
2023-05-24 20:57:56,"Evening Workout",1h 41m,"Hammer Curl (Dumbbell)",2,15.0,13,0,0,,,
2023-05-24 20:57:56,"Evening Workout",1h 41m,"Hammer Curl (Dumbbell)",3,15.0,10,0,0,,,
2023-05-28 00:01:48,"Midnight Workout",1h 24m,"Lat Pulldown (Machine)",1,60.0,8,0,0,"6-8 Reps / Plate Weight Total","",
2023-05-28 00:01:48,"Midnight Workout",1h 24m,"Lat Pulldown (Machine)",2,70.0,8,0,0,,,
2023-05-28 00:01:48,"Midnight Workout",1h 24m,"Lat Pulldown (Machine)",3,70.0,8,0,0,,,
2023-05-28 00:01:48,"Midnight Workout",1h 24m,"T Bar Row",1,60.0,12,0,0,"8-12 Reps / Weight in Total",,
2023-05-28 00:01:48,"Midnight Workout",1h 24m,"T Bar Row",2,60.0,12,0,0,,,
2023-05-28 00:01:48,"Midnight Workout",1h 24m,"T Bar Row",3,60.0,12,0,0,,,
2023-05-28 00:01:48,"Midnight Workout",1h 24m,"Incline Curl (Dumbbell)",1,15.0,13,0,0,"10-15 Reps / Weight for each arm",,
2023-05-28 00:01:48,"Midnight Workout",1h 24m,"Incline Curl (Dumbbell)",2,15.0,9,0,0,,,
2023-05-28 00:01:48,"Midnight Workout",1h 24m,"Incline Curl (Dumbbell)",3,15.0,9,0,0,,,
2023-05-28 00:01:48,"Midnight Workout",1h 24m,"Reverse Fly (Cable)",1,7.0,15,0,0,"10-15 Reps / Weight for each arm",,
2023-05-28 00:01:48,"Midnight Workout",1h 24m,"Reverse Fly (Cable)",2,7.0,15,0,0,,,
2023-05-28 00:01:48,"Midnight Workout",1h 24m,"Reverse Fly (Cable)",3,7.0,15,0,0,,,
2023-05-28 00:01:48,"Midnight Workout",1h 24m,"Hammer Curl (Dumbbell)",1,15.0,15,0,0,"10-15 Reps / Weight for each arm",,
2023-05-28 00:01:48,"Midnight Workout",1h 24m,"Hammer Curl (Dumbbell)",2,15.0,15,0,0,,,
2023-05-28 00:01:48,"Midnight Workout",1h 24m,"Hammer Curl (Dumbbell)",3,15.0,13,0,0,,,
2023-05-28 21:38:54,"Chest & Triceps ",1h 36m,"Bench Press (Barbell)",1,85.0,8,0,0,"","Sundays",
2023-05-28 21:38:54,"Chest & Triceps ",1h 36m,"Bench Press (Barbell)",2,85.0,8,0,0,,,
2023-05-28 21:38:54,"Chest & Triceps ",1h 36m,"Bench Press (Barbell)",3,85.0,8,0,0,,,
2023-05-28 21:38:54,"Chest & Triceps ",1h 36m,"Incline Chest Press (Machine)",1,70.0,12,0,0,"",,
2023-05-28 21:38:54,"Chest & Triceps ",1h 36m,"Incline Chest Press (Machine)",2,70.0,12,0,0,,,
2023-05-28 21:38:54,"Chest & Triceps ",1h 36m,"Incline Chest Press (Machine)",3,70.0,12,0,0,,,
2023-05-28 21:38:54,"Chest & Triceps ",1h 36m,"Lateral Raise (Cable)",1,7.0,14,0,0,"",,
2023-05-28 21:38:54,"Chest & Triceps ",1h 36m,"Lateral Raise (Cable)",2,7.0,13,0,0,,,
2023-05-28 21:38:54,"Chest & Triceps ",1h 36m,"Lateral Raise (Cable)",3,7.0,13,0,0,,,
2023-05-28 21:38:54,"Chest & Triceps ",1h 36m,"Triceps Pushdown (Cable - Straight Bar)",1,10.0,12,0,0,"",,
2023-05-28 21:38:54,"Chest & Triceps ",1h 36m,"Triceps Pushdown (Cable - Straight Bar)",2,10.0,12,0,0,,,
2023-05-28 21:38:54,"Chest & Triceps ",1h 36m,"Triceps Pushdown (Cable - Straight Bar)",3,10.0,12,0,0,,,
2023-05-28 21:38:54,"Chest & Triceps ",1h 36m,"Skullcrusher (Dumbbell)",1,15.0,12,0,0,"",,
2023-05-28 21:38:54,"Chest & Triceps ",1h 36m,"Skullcrusher (Dumbbell)",2,15.0,9,0,0,,,
2023-05-28 21:38:54,"Chest & Triceps ",1h 36m,"Skullcrusher (Dumbbell)",3,15.0,7,0,0,,,
2023-05-31 10:45:20,"Shoulders & Arms",1h 47m,"Shoulder Press (Plate Loaded)",1,36.0,12,0,0,"","Wednesday",
2023-05-31 10:45:20,"Shoulders & Arms",1h 47m,"Shoulder Press (Plate Loaded)",2,36.0,12,0,0,,,
2023-05-31 10:45:20,"Shoulders & Arms",1h 47m,"Shoulder Press (Plate Loaded)",3,36.0,12,0,0,,,
2023-05-31 10:45:20,"Shoulders & Arms",1h 47m,"Lateral Raise (Cable)",1,7.0,15,0,0,"",,
2023-05-31 10:45:20,"Shoulders & Arms",1h 47m,"Lateral Raise (Cable)",2,7.0,14,0,0,,,
2023-05-31 10:45:20,"Shoulders & Arms",1h 47m,"Lateral Raise (Cable)",3,7.0,14,0,0,,,
2023-05-31 10:45:20,"Shoulders & Arms",1h 47m,"Reverse Fly (Cable)",1,10.0,10,0,0,"",,
2023-05-31 10:45:20,"Shoulders & Arms",1h 47m,"Reverse Fly (Cable)",2,10.0,9,0,0,,,
2023-05-31 10:45:20,"Shoulders & Arms",1h 47m,"Reverse Fly (Cable)",3,10.0,9,0,0,,,
2023-05-31 10:45:20,"Shoulders & Arms",1h 47m,"Triceps Pushdown (Cable - Straight Bar)",1,10.0,15,0,0,"",,
2023-05-31 10:45:20,"Shoulders & Arms",1h 47m,"Triceps Pushdown (Cable - Straight Bar)",2,10.0,15,0,0,,,
2023-05-31 10:45:20,"Shoulders & Arms",1h 47m,"Triceps Pushdown (Cable - Straight Bar)",3,10.0,15,0,0,,,
2023-05-31 10:45:20,"Shoulders & Arms",1h 47m,"Incline Curl (Dumbbell)",1,10.0,15,0,0,"",,
2023-05-31 10:45:20,"Shoulders & Arms",1h 47m,"Incline Curl (Dumbbell)",2,10.0,15,0,0,,,
2023-05-31 10:45:20,"Shoulders & Arms",1h 47m,"Incline Curl (Dumbbell)",3,10.0,15,0,0,,,
2023-05-31 10:45:20,"Shoulders & Arms",1h 47m,"Skullcrusher (Dumbbell)",1,10.0,15,0,0,"",,
2023-05-31 10:45:20,"Shoulders & Arms",1h 47m,"Skullcrusher (Dumbbell)",2,10.0,15,0,0,,,
2023-05-31 10:45:20,"Shoulders & Arms",1h 47m,"Skullcrusher (Dumbbell)",3,10.0,15,0,0,,,
2023-05-31 10:45:20,"Shoulders & Arms",1h 47m,"Hammer Curl (Dumbbell)",1,15.0,16,0,0,"",,
2023-05-31 10:45:20,"Shoulders & Arms",1h 47m,"Hammer Curl (Dumbbell)",2,15.0,16,0,0,,,
2023-05-31 10:45:20,"Shoulders & Arms",1h 47m,"Hammer Curl (Dumbbell)",3,15.0,16,0,0,,,
2023-06-13 21:25:08,"Shoulders & Arms",15h 46m,"Shoulder Press (Plate Loaded)",1,36.0,12,0,0,"","Wednesday",
2023-06-13 21:25:08,"Shoulders & Arms",15h 46m,"Shoulder Press (Plate Loaded)",2,36.0,12,0,0,,,
2023-06-13 21:25:08,"Shoulders & Arms",15h 46m,"Shoulder Press (Plate Loaded)",3,36.0,12,0,0,,,
2023-06-13 21:25:08,"Shoulders & Arms",15h 46m,"Lateral Raise (Cable)",1,10.0,15,0,0,"",,
2023-06-13 21:25:08,"Shoulders & Arms",15h 46m,"Lateral Raise (Cable)",2,10.0,15,0,0,,,
2023-06-13 21:25:08,"Shoulders & Arms",15h 46m,"Lateral Raise (Cable)",3,10.0,15,0,0,,,
2023-06-13 21:25:08,"Shoulders & Arms",15h 46m,"Reverse Fly (Cable)",1,7.0,15,0,0,"",,
2023-06-13 21:25:08,"Shoulders & Arms",15h 46m,"Reverse Fly (Cable)",2,7.0,15,0,0,,,
2023-06-13 21:25:08,"Shoulders & Arms",15h 46m,"Reverse Fly (Cable)",3,7.0,15,0,0,,,
2023-06-13 21:25:08,"Shoulders & Arms",15h 46m,"Triceps Pushdown (Cable - Straight Bar)",1,50.0,15,0,0,"",,
2023-06-13 21:25:08,"Shoulders & Arms",15h 46m,"Triceps Pushdown (Cable - Straight Bar)",2,60.0,15,0,0,,,
2023-06-13 21:25:08,"Shoulders & Arms",15h 46m,"Triceps Pushdown (Cable - Straight Bar)",3,70.0,15,0,0,,,
2023-06-13 21:25:08,"Shoulders & Arms",15h 46m,"Incline Curl (Dumbbell)",1,10.0,15,0,0,"",,
2023-06-13 21:25:08,"Shoulders & Arms",15h 46m,"Incline Curl (Dumbbell)",2,10.0,15,0,0,,,
2023-06-13 21:25:08,"Shoulders & Arms",15h 46m,"Incline Curl (Dumbbell)",3,10.0,15,0,0,,,
2023-06-13 21:25:08,"Shoulders & Arms",15h 46m,"Skullcrusher (Dumbbell)",1,10.0,15,0,0,"",,
2023-06-13 21:25:08,"Shoulders & Arms",15h 46m,"Skullcrusher (Dumbbell)",2,10.0,15,0,0,,,
2023-06-13 21:25:08,"Shoulders & Arms",15h 46m,"Skullcrusher (Dumbbell)",3,10.0,15,0,0,,,
2023-06-13 21:25:08,"Shoulders & Arms",15h 46m,"Hammer Curl (Dumbbell)",1,20.0,13,0,0,"",,
2023-06-13 21:25:08,"Shoulders & Arms",15h 46m,"Hammer Curl (Dumbbell)",2,20.0,11,0,0,,,
2023-06-13 21:25:08,"Shoulders & Arms",15h 46m,"Hammer Curl (Dumbbell)",3,20.0,10,0,0,,,
2023-06-14 13:24:03,"Legs",1h 11m,"AS Hack Squats",1,45.0,8,0,0,"","Always perform on Tuesdays",
2023-06-14 13:24:03,"Legs",1h 11m,"AS Hack Squats",2,45.0,8,0,0,,,
2023-06-14 13:24:03,"Legs",1h 11m,"AS Hack Squats",3,45.0,8,0,0,,,
2023-06-14 13:24:03,"Legs",1h 11m,"Romanian Deadlift (Barbell)",1,95.0,5,0,0,"",,
2023-06-14 13:24:03,"Legs",1h 11m,"Romanian Deadlift (Barbell)",2,95.0,5,0,0,,,
2023-06-14 13:24:03,"Legs",1h 11m,"Romanian Deadlift (Barbell)",3,74.99999999999999,10,0,0,,,
2023-06-14 13:24:03,"Legs",1h 11m,"Leg Extension (Machine)",1,50.0,13,0,0,"",,
2023-06-14 13:24:03,"Legs",1h 11m,"Leg Extension (Machine)",2,50.0,12,0,0,,,
2023-06-14 13:24:03,"Legs",1h 11m,"Leg Extension (Machine)",3,50.0,11,0,0,,,
2023-06-14 13:24:03,"Legs",1h 11m,"Seated Leg Curl (Machine)",1,25.0,15,0,0,"",,
2023-06-14 13:24:03,"Legs",1h 11m,"Seated Leg Curl (Machine)",2,25.0,15,0,0,,,
2023-06-14 13:24:03,"Legs",1h 11m,"Seated Leg Curl (Machine)",3,25.0,15,0,0,,,
2023-06-14 13:24:03,"Legs",1h 11m,"Standing Calf Raise (Machine)",1,60.0,11,0,0,"",,
2023-06-14 13:24:03,"Legs",1h 11m,"Standing Calf Raise (Machine)",2,60.0,12,0,0,,,
2023-06-14 13:24:03,"Legs",1h 11m,"Standing Calf Raise (Machine)",3,60.0,13,0,0,,,
2023-06-18 00:11:05,"Back And Biceps",1h 4m,"AS Iso-Lateral Lat Pull-down ",1,35.0,8,0,0,"","Always perform on Saturdays",
2023-06-18 00:11:05,"Back And Biceps",1h 4m,"AS Iso-Lateral Lat Pull-down ",2,35.0,7,0,0,,,
2023-06-18 00:11:05,"Back And Biceps",1h 4m,"AS Iso-Lateral Lat Pull-down ",3,35.0,6,0,0,,,
2023-06-18 00:11:05,"Back And Biceps",1h 4m,"AS Chest-Supported T-Bar Row",1,60.0,12,0,0,"",,
2023-06-18 00:11:05,"Back And Biceps",1h 4m,"AS Chest-Supported T-Bar Row",2,60.0,12,0,0,,,
2023-06-18 00:11:05,"Back And Biceps",1h 4m,"AS Chest-Supported T-Bar Row",3,60.0,12,0,0,,,
2023-06-18 00:11:05,"Back And Biceps",1h 4m,"Incline Curl (Dumbbell)",1,15.0,9,0,0,"",,
2023-06-18 00:11:05,"Back And Biceps",1h 4m,"Incline Curl (Dumbbell)",2,15.0,9,0,0,,,
2023-06-18 00:11:05,"Back And Biceps",1h 4m,"Incline Curl (Dumbbell)",3,15.0,9,0,0,,,
2023-06-18 00:11:05,"Back And Biceps",1h 4m,"Reverse Fly (Cable)",1,10.0,12,0,0,"",,
2023-06-18 00:11:05,"Back And Biceps",1h 4m,"Reverse Fly (Cable)",2,10.0,11,0,0,,,
2023-06-18 00:11:05,"Back And Biceps",1h 4m,"Reverse Fly (Cable)",3,10.0,10,0,0,,,
2023-06-18 00:11:05,"Back And Biceps",1h 4m,"Hammer Curl (Dumbbell)",1,20.0,13,0,0,"",,
2023-06-18 00:11:05,"Back And Biceps",1h 4m,"Hammer Curl (Dumbbell)",2,20.0,11,0,0,,,
2023-06-18 00:11:05,"Back And Biceps",1h 4m,"Hammer Curl (Dumbbell)",3,20.0,9,0,0,,,
2023-06-19 00:25:52,"Chest And Triceps",54m,"Bench Press (Barbell)",1,85.0,8,0,0,"","Always perform on Sundays",
2023-06-19 00:25:52,"Chest And Triceps",54m,"Bench Press (Barbell)",2,85.0,8,0,0,,,
2023-06-19 00:25:52,"Chest And Triceps",54m,"Bench Press (Barbell)",3,85.0,8,0,0,,,
2023-06-19 00:25:52,"Chest And Triceps",54m,"AS Iso-Lateral Incline Chest Press",1,35.0,12,0,0,"",,
2023-06-19 00:25:52,"Chest And Triceps",54m,"AS Iso-Lateral Incline Chest Press",2,35.0,12,0,0,,,
2023-06-19 00:25:52,"Chest And Triceps",54m,"AS Iso-Lateral Incline Chest Press",3,35.0,12,0,0,,,
2023-06-19 00:25:52,"Chest And Triceps",54m,"AS Selectorized Standing Lateral Raises",1,20.0,13,0,0,"",,
2023-06-19 00:25:52,"Chest And Triceps",54m,"AS Selectorized Standing Lateral Raises",2,20.0,12,0,0,,,
2023-06-19 00:25:52,"Chest And Triceps",54m,"AS Selectorized Standing Lateral Raises",3,20.0,11,0,0,,,
2023-06-19 00:25:52,"Chest And Triceps",54m,"Skullcrusher (Dumbbell)",1,15.0,15,0,0,"",,
2023-06-19 00:25:52,"Chest And Triceps",54m,"Skullcrusher (Dumbbell)",2,15.0,10,0,0,,,
2023-06-19 00:25:52,"Chest And Triceps",54m,"Skullcrusher (Dumbbell)",3,15.0,10,0,0,,,
2023-06-19 00:25:52,"Chest And Triceps",54m,"Triceps Pushdown (Cable - Straight Bar)",1,70.0,15,0,0,"",,
2023-06-19 00:25:52,"Chest And Triceps",54m,"Triceps Pushdown (Cable - Straight Bar)",2,70.0,14,0,0,,,
2023-06-19 00:25:52,"Chest And Triceps",54m,"Triceps Pushdown (Cable - Straight Bar)",3,70.0,13,0,0,,,
2023-07-04 16:40:30,"Legs",1h 17m,"AS Hack Squats",1,45.0,8,0,0,"","Always perform on Tuesdays",
2023-07-04 16:40:30,"Legs",1h 17m,"AS Hack Squats",2,45.0,8,0,0,,,
2023-07-04 16:40:30,"Legs",1h 17m,"AS Hack Squats",3,45.0,8,0,0,,,
2023-07-04 16:40:30,"Legs",1h 17m,"Romanian Deadlift (Barbell)",1,74.99999999999999,12,0,0,"",,
2023-07-04 16:40:30,"Legs",1h 17m,"Romanian Deadlift (Barbell)",2,74.99999999999999,0,0,0,,,
2023-07-04 16:40:30,"Legs",1h 17m,"Romanian Deadlift (Barbell)",3,74.99999999999999,0,0,0,,,
2023-07-04 16:40:30,"Legs",1h 17m,"Leg Extension (Machine)",1,50.0,13,0,0,"",,
2023-07-04 16:40:30,"Legs",1h 17m,"Leg Extension (Machine)",2,50.0,13,0,0,,,
2023-07-04 16:40:30,"Legs",1h 17m,"Leg Extension (Machine)",3,50.0,12,0,0,,,
2023-07-04 16:40:30,"Legs",1h 17m,"Seated Leg Curl (Machine)",1,30.0,15,0,0,"",,
2023-07-04 16:40:30,"Legs",1h 17m,"Seated Leg Curl (Machine)",2,30.0,15,0,0,,,
2023-07-04 16:40:30,"Legs",1h 17m,"Seated Leg Curl (Machine)",3,30.0,15,0,0,,,
2023-07-04 16:40:30,"Legs",1h 17m,"Standing Calf Raise (Machine)",1,60.0,12,0,0,"",,
2023-07-04 16:40:30,"Legs",1h 17m,"Standing Calf Raise (Machine)",2,60.0,15,0,0,,,
2023-07-04 16:40:30,"Legs",1h 17m,"Standing Calf Raise (Machine)",3,60.0,15,0,0,,,
2023-07-05 22:54:00,"Shoulders And Arms",1h 31m,"AS Iso-Lateral Shoulder Press",1,23.0,13,0,0,"","Always perform on Wednesday",
2023-07-05 22:54:00,"Shoulders And Arms",1h 31m,"AS Iso-Lateral Shoulder Press",2,23.0,11,0,0,,,
2023-07-05 22:54:00,"Shoulders And Arms",1h 31m,"AS Iso-Lateral Shoulder Press",3,23.0,10,0,0,,,
2023-07-05 22:54:00,"Shoulders And Arms",1h 31m,"AS Selectorized Standing Lateral Raises",1,20.0,12,0,0,"",,
2023-07-05 22:54:00,"Shoulders And Arms",1h 31m,"AS Selectorized Standing Lateral Raises",2,20.0,11,0,0,,,
2023-07-05 22:54:00,"Shoulders And Arms",1h 31m,"AS Selectorized Standing Lateral Raises",3,20.0,12,0,0,,,
2023-07-05 22:54:00,"Shoulders And Arms",1h 31m,"Reverse Fly (Cable)",1,7.0,20,0,0,"",,
2023-07-05 22:54:00,"Shoulders And Arms",1h 31m,"Reverse Fly (Cable)",2,7.0,20,0,0,,,
2023-07-05 22:54:00,"Shoulders And Arms",1h 31m,"Reverse Fly (Cable)",3,7.0,20,0,0,,,
2023-07-05 22:54:00,"Shoulders And Arms",1h 31m,"Triceps Extension (Cable)",1,10.0,20,0,0,"",,
2023-07-05 22:54:00,"Shoulders And Arms",1h 31m,"Triceps Extension (Cable)",2,10.0,20,0,0,,,
2023-07-05 22:54:00,"Shoulders And Arms",1h 31m,"Triceps Extension (Cable)",3,10.0,20,0,0,,,
2023-07-05 22:54:00,"Shoulders And Arms",1h 31m,"Incline Curl (Dumbbell)",1,10.0,20,0,0,"",,
2023-07-05 22:54:00,"Shoulders And Arms",1h 31m,"Incline Curl (Dumbbell)",2,10.0,20,0,0,,,
2023-07-05 22:54:00,"Shoulders And Arms",1h 31m,"Incline Curl (Dumbbell)",3,10.0,20,0,0,,,
2023-07-05 22:54:00,"Shoulders And Arms",1h 31m,"Triceps Pushdown (Cable - Straight Bar)",1,50.0,20,0,0,"",,
2023-07-05 22:54:00,"Shoulders And Arms",1h 31m,"Triceps Pushdown (Cable - Straight Bar)",2,50.0,20,0,0,,,
2023-07-05 22:54:00,"Shoulders And Arms",1h 31m,"Triceps Pushdown (Cable - Straight Bar)",3,50.0,20,0,0,,,
2023-07-05 22:54:00,"Shoulders And Arms",1h 31m,"Hammer Curl (Dumbbell)",1,15.0,19,0,0,"",,
2023-07-05 22:54:00,"Shoulders And Arms",1h 31m,"Hammer Curl (Dumbbell)",2,15.0,17,0,0,,,
2023-07-05 22:54:00,"Shoulders And Arms",1h 31m,"Hammer Curl (Dumbbell)",3,15.0,16,0,0,,,
2023-07-08 22:11:11,"Back And Biceps",1h 16m,"AS Iso-Lateral Lat Pull-down ",1,30.0,10,0,0,"","Always perform on Saturdays",
2023-07-08 22:11:11,"Back And Biceps",1h 16m,"AS Iso-Lateral Lat Pull-down ",2,30.0,10,0,0,,,
2023-07-08 22:11:11,"Back And Biceps",1h 16m,"AS Iso-Lateral Lat Pull-down ",3,30.0,10,0,0,,,
2023-07-08 22:11:11,"Back And Biceps",1h 16m,"AS Chest-Supported T-Bar Row",1,60.0,15,0,0,"",,
2023-07-08 22:11:11,"Back And Biceps",1h 16m,"AS Chest-Supported T-Bar Row",2,60.0,15,0,0,,,
2023-07-08 22:11:11,"Back And Biceps",1h 16m,"AS Chest-Supported T-Bar Row",3,60.0,15,0,0,,,
2023-07-08 22:11:11,"Back And Biceps",1h 16m,"Incline Curl (Dumbbell)",1,12.0,17,0,0,"",,
2023-07-08 22:11:11,"Back And Biceps",1h 16m,"Incline Curl (Dumbbell)",2,12.0,16,0,0,,,
2023-07-08 22:11:11,"Back And Biceps",1h 16m,"Incline Curl (Dumbbell)",3,12.0,16,0,0,,,
2023-07-08 22:11:11,"Back And Biceps",1h 16m,"Reverse Fly (Cable)",1,10.0,20,0,0,"",,
2023-07-08 22:11:11,"Back And Biceps",1h 16m,"Reverse Fly (Cable)",2,10.0,18,0,0,,,
2023-07-08 22:11:11,"Back And Biceps",1h 16m,"Reverse Fly (Cable)",3,10.0,15,0,0,,,
2023-07-08 22:11:11,"Back And Biceps",1h 16m,"Hammer Curl (Dumbbell)",1,20.0,10,0,0,"",,
2023-07-08 22:11:11,"Back And Biceps",1h 16m,"Hammer Curl (Dumbbell)",2,20.0,7,0,0,,,
2023-07-08 22:11:11,"Back And Biceps",1h 16m,"Hammer Curl (Dumbbell)",3,20.0,5,0,0,,,
2023-07-09 19:48:29,"Chest And Triceps",1h 27m,"Bench Press (Barbell)",1,90.0,5,0,0,"","Always perform on Sundays",
2023-07-09 19:48:29,"Chest And Triceps",1h 27m,"Bench Press (Barbell)",2,90.0,4,0,0,,,
2023-07-09 19:48:29,"Chest And Triceps",1h 27m,"Bench Press (Barbell)",3,90.0,4,0,0,,,
2023-07-09 19:48:29,"Chest And Triceps",1h 27m,"AS Iso-Lateral Incline Chest Press",1,35.0,15,0,0,"",,
2023-07-09 19:48:29,"Chest And Triceps",1h 27m,"AS Iso-Lateral Incline Chest Press",2,35.0,15,0,0,,,
2023-07-09 19:48:29,"Chest And Triceps",1h 27m,"AS Iso-Lateral Incline Chest Press",3,35.0,13,0,0,,,
2023-07-09 19:48:29,"Chest And Triceps",1h 27m,"AS Selectorized Standing Lateral Raises",1,20.0,11,0,0,"",,
2023-07-09 19:48:29,"Chest And Triceps",1h 27m,"AS Selectorized Standing Lateral Raises",2,20.0,10,0,0,,,
2023-07-09 19:48:29,"Chest And Triceps",1h 27m,"AS Selectorized Standing Lateral Raises",3,20.0,9,0,0,,,
2023-07-09 19:48:29,"Chest And Triceps",1h 27m,"Triceps Extension (Cable)",1,15.0,20,0,0,"",,
2023-07-09 19:48:29,"Chest And Triceps",1h 27m,"Triceps Extension (Cable)",2,15.0,20,0,0,,,
2023-07-09 19:48:29,"Chest And Triceps",1h 27m,"Triceps Extension (Cable)",3,15.0,20,0,0,,,
2023-07-09 19:48:29,"Chest And Triceps",1h 27m,"Triceps Pushdown (Cable - Straight Bar)",1,55.0,20,0,0,"",,
2023-07-09 19:48:29,"Chest And Triceps",1h 27m,"Triceps Pushdown (Cable - Straight Bar)",2,55.0,20,0,0,,,
2023-07-09 19:48:29,"Chest And Triceps",1h 27m,"Triceps Pushdown (Cable - Straight Bar)",3,55.0,20,0,0,,,
2023-07-12 23:14:59,"Shoulders And Arms",1h 48m,"AS Iso-Lateral Shoulder Press",1,23.0,13,0,0,"","Always perform on Wednesday",
2023-07-12 23:14:59,"Shoulders And Arms",1h 48m,"AS Iso-Lateral Shoulder Press",2,23.0,12,0,0,,,
2023-07-12 23:14:59,"Shoulders And Arms",1h 48m,"AS Iso-Lateral Shoulder Press",3,23.0,12,0,0,,,
2023-07-12 23:14:59,"Shoulders And Arms",1h 48m,"Lateral Raise (Cable)",1,10.0,12,0,0,"",,
2023-07-12 23:14:59,"Shoulders And Arms",1h 48m,"Lateral Raise (Cable)",2,10.0,11,0,0,,,
2023-07-12 23:14:59,"Shoulders And Arms",1h 48m,"Lateral Raise (Cable)",3,10.0,11,0,0,,,
2023-07-12 23:14:59,"Shoulders And Arms",1h 48m,"Reverse Fly (Cable)",1,10.0,16,0,0,"",,
2023-07-12 23:14:59,"Shoulders And Arms",1h 48m,"Reverse Fly (Cable)",2,10.0,15,0,0,,,
2023-07-12 23:14:59,"Shoulders And Arms",1h 48m,"Reverse Fly (Cable)",3,10.0,15,0,0,,,
2023-07-12 23:14:59,"Shoulders And Arms",1h 48m,"Triceps Extension (Cable)",1,20.0,20,0,0,"",,
2023-07-12 23:14:59,"Shoulders And Arms",1h 48m,"Triceps Extension (Cable)",2,20.0,19,0,0,,,
2023-07-12 23:14:59,"Shoulders And Arms",1h 48m,"Triceps Extension (Cable)",3,20.0,18,0,0,,,
2023-07-12 23:14:59,"Shoulders And Arms",1h 48m,"Incline Curl (Dumbbell)",1,15.0,12,0,0,"",,
2023-07-12 23:14:59,"Shoulders And Arms",1h 48m,"Incline Curl (Dumbbell)",2,15.0,11,0,0,,,
2023-07-12 23:14:59,"Shoulders And Arms",1h 48m,"Incline Curl (Dumbbell)",3,15.0,11,0,0,,,
2023-07-12 23:14:59,"Shoulders And Arms",1h 48m,"Triceps Pushdown (Cable - Straight Bar)",1,60.0,20,0,0,"",,
2023-07-12 23:14:59,"Shoulders And Arms",1h 48m,"Triceps Pushdown (Cable - Straight Bar)",2,60.0,20,0,0,,,
2023-07-12 23:14:59,"Shoulders And Arms",1h 48m,"Triceps Pushdown (Cable - Straight Bar)",3,60.0,20,0,0,,,
2023-07-12 23:14:59,"Shoulders And Arms",1h 48m,"Hammer Curl (Dumbbell)",1,15.0,20,0,0,"",,
2023-07-12 23:14:59,"Shoulders And Arms",1h 48m,"Hammer Curl (Dumbbell)",2,15.0,19,0,0,,,
2023-07-12 23:14:59,"Shoulders And Arms",1h 48m,"Hammer Curl (Dumbbell)",3,15.0,17,0,0,,,
2023-08-24 16:03:26,"Chest And Triceps",1h 11m,"Bench Press (Barbell)",1,74.99999999999999,12,0,0,"","Always perform on Sundays",
2023-08-24 16:03:26,"Chest And Triceps",1h 11m,"Bench Press (Barbell)",2,74.99999999999999,11,0,0,,,
2023-08-24 16:03:26,"Chest And Triceps",1h 11m,"Bench Press (Barbell)",3,74.99999999999999,10,0,0,,,
2023-08-24 16:03:26,"Chest And Triceps",1h 11m,"AS Iso-Lateral Incline Chest Press",1,25.0,15,0,0,"",,
2023-08-24 16:03:26,"Chest And Triceps",1h 11m,"AS Iso-Lateral Incline Chest Press",2,25.0,15,0,0,,,
2023-08-24 16:03:26,"Chest And Triceps",1h 11m,"AS Iso-Lateral Incline Chest Press",3,25.0,15,0,0,,,
2023-08-24 16:03:26,"Chest And Triceps",1h 11m,"Lateral Raise (Cable)",1,10.0,13,0,0,"",,
2023-08-24 16:03:26,"Chest And Triceps",1h 11m,"Lateral Raise (Cable)",2,10.0,12,0,0,,,
2023-08-24 16:03:26,"Chest And Triceps",1h 11m,"Lateral Raise (Cable)",3,10.0,10,0,0,,,
2023-08-24 16:03:26,"Chest And Triceps",1h 11m,"Triceps Extension (Cable)",1,15.0,20,0,0,"",,
2023-08-24 16:03:26,"Chest And Triceps",1h 11m,"Triceps Extension (Cable)",2,15.0,20,0,0,,,
2023-08-24 16:03:26,"Chest And Triceps",1h 11m,"Triceps Extension (Cable)",3,15.0,15,0,0,,,
2023-08-24 16:03:26,"Chest And Triceps",1h 11m,"Triceps Pushdown (Cable - Straight Bar)",1,40.0,20,0,0,"",,
2023-08-24 16:03:26,"Chest And Triceps",1h 11m,"Triceps Pushdown (Cable - Straight Bar)",2,40.0,20,0,0,,,
2023-08-24 16:03:26,"Chest And Triceps",1h 11m,"Triceps Pushdown (Cable - Straight Bar)",3,40.0,20,0,0,,,
2023-09-03 22:16:20,"Chest And Triceps",1h 27m,"Bench Press (Barbell)",1,85.0,9,0,0,"","Always perform on Sundays",
2023-09-03 22:16:20,"Chest And Triceps",1h 27m,"Bench Press (Barbell)",2,85.0,8,0,0,,,
2023-09-03 22:16:20,"Chest And Triceps",1h 27m,"Bench Press (Barbell)",3,85.0,7,0,0,,,
2023-09-03 22:16:20,"Chest And Triceps",1h 27m,"AS Iso-Lateral Incline Chest Press",1,30.0,15,0,0,"",,
2023-09-03 22:16:20,"Chest And Triceps",1h 27m,"AS Iso-Lateral Incline Chest Press",2,30.0,15,0,0,,,
2023-09-03 22:16:20,"Chest And Triceps",1h 27m,"AS Iso-Lateral Incline Chest Press",3,30.0,15,0,0,,,
2023-09-03 22:16:20,"Chest And Triceps",1h 27m,"Lateral Raise (Cable)",1,10.0,13,0,0,"",,
2023-09-03 22:16:20,"Chest And Triceps",1h 27m,"Lateral Raise (Cable)",2,10.0,12,0,0,,,
2023-09-03 22:16:20,"Chest And Triceps",1h 27m,"Lateral Raise (Cable)",3,10.0,11,0,0,,,
2023-09-03 22:16:20,"Chest And Triceps",1h 27m,"Triceps Extension (Cable)",1,15.0,20,0,0,"",,
2023-09-03 22:16:20,"Chest And Triceps",1h 27m,"Triceps Extension (Cable)",2,15.0,12,0,0,,,
2023-09-03 22:16:20,"Chest And Triceps",1h 27m,"Triceps Extension (Cable)",3,15.0,11,0,0,,,
2023-09-03 22:16:20,"Chest And Triceps",1h 27m,"Triceps Pushdown (Cable - Straight Bar)",1,45.0,20,0,0,"",,
2023-09-03 22:16:20,"Chest And Triceps",1h 27m,"Triceps Pushdown (Cable - Straight Bar)",2,45.0,20,0,0,,,
2023-09-03 22:16:20,"Chest And Triceps",1h 27m,"Triceps Pushdown (Cable - Straight Bar)",3,45.0,20,0,0,,,
2024-01-25 16:21:23,"Afternoon Workout",53m,"Bench Press (Barbell)",1,95.0,10,0,0,"","",
2024-01-25 16:21:23,"Afternoon Workout",53m,"Bench Press (Barbell)",2,115.0,3,0,0,,,
2024-01-25 16:21:23,"Afternoon Workout",53m,"Bench Press (Barbell)",3,105.0,4,0,0,,,
2024-01-25 16:21:23,"Afternoon Workout",53m,"Chest Fly",1,60.0,12,0,0,"",,
2024-01-25 16:21:23,"Afternoon Workout",53m,"Chest Fly",2,70.0,9,0,0,,,
2024-01-25 16:21:23,"Afternoon Workout",53m,"Chest Fly",3,80.0,5,0,0,,,
2024-01-25 16:21:23,"Afternoon Workout",53m,"Lateral Raise (Machine)",1,30.0,15,0,0,"",,
2024-01-25 16:21:23,"Afternoon Workout",53m,"Lateral Raise (Machine)",2,35.0,15,0,0,,,
2024-01-25 16:21:23,"Afternoon Workout",53m,"Lateral Raise (Machine)",3,40.0,12,0,0,,,
2024-01-25 16:21:23,"Afternoon Workout",53m,"Triceps Pushdown (Cable - Straight Bar)",1,60.0,15,0,0,"",,
2024-01-25 16:21:23,"Afternoon Workout",53m,"Triceps Pushdown (Cable - Straight Bar)",2,70.0,15,0,0,,,
2024-01-27 18:39:19,"Evening Workout",1h 12m,"Lat Pulldown (Machine)",1,50.0,6,0,0,"","",
2024-01-27 18:39:19,"Evening Workout",1h 12m,"Lat Pulldown (Machine)",2,50.0,6,0,0,,,
2024-01-27 18:39:19,"Evening Workout",1h 12m,"Seated Row (Cable)",1,77.0,10,0,0,"",,
2024-01-27 18:39:19,"Evening Workout",1h 12m,"Seated Row (Cable)",2,88.0,8,0,0,,,
2024-01-27 18:39:19,"Evening Workout",1h 12m,"Seated Row (Machine)",1,90.0,12,0,0,"",,
2024-01-27 18:39:19,"Evening Workout",1h 12m,"Seated Row (Machine)",2,100.0,8,0,0,,,
2024-01-27 18:39:19,"Evening Workout",1h 12m,"Seated Row (Machine)",3,100.0,7,0,0,,,
2024-01-27 18:39:19,"Evening Workout",1h 12m,"Preacher Curl (Machine)",1,40.0,10,0,0,"",,
2024-01-27 18:39:19,"Evening Workout",1h 12m,"Preacher Curl (Machine)",2,45.0,8,0,0,,,
2024-02-15 19:30:35,"Evening Workout",1h 18m,"Lat Pulldown (Cable)",1,66.0,10,0,0,"","",
2024-02-15 19:30:35,"Evening Workout",1h 18m,"Lat Pulldown (Cable)",2,77.0,8,0,0,,,
2024-02-15 19:30:35,"Evening Workout",1h 18m,"Seated Row (Cable)",1,88.0,8,0,0,"",,
2024-02-15 19:30:35,"Evening Workout",1h 18m,"Seated Row (Cable)",2,88.0,7,0,0,,,
2024-02-15 19:30:35,"Evening Workout",1h 18m,"Seated Row (Cable)",3,66.0,9,0,0,,,
2024-02-15 19:30:35,"Evening Workout",1h 18m,"Seated Row (Machine)",1,60.0,10,0,0,"",,
2024-02-15 19:30:35,"Evening Workout",1h 18m,"Seated Row (Machine)",2,60.0,10,0,0,,,
2024-02-15 19:30:35,"Evening Workout",1h 18m,"Shoulder Press (Plate Loaded)",1,70.0,5,0,0,"",,
2024-02-15 19:30:35,"Evening Workout",1h 18m,"Shoulder Press (Plate Loaded)",2,70.0,7,0,0,,,
2024-02-15 19:30:35,"Evening Workout",1h 18m,"Shoulder Press (Plate Loaded)",3,70.0,6,0,0,,,
2024-02-17 20:36:50,"Evening Workout",41m,"Bench Press (Barbell)",1,105.0,4,0,0,"","",
2024-02-17 20:36:50,"Evening Workout",41m,"Bench Press (Barbell)",2,95.0,7,0,0,,,
2024-02-17 20:36:50,"Evening Workout",41m,"Lateral Raise (Machine)",1,40.0,10,0,0,"",,
2024-02-17 20:36:50,"Evening Workout",41m,"Lateral Raise (Machine)",2,40.0,9,0,0,,,
2024-02-17 20:36:50,"Evening Workout",41m,"Lateral Raise (Machine)",3,40.0,9,0,0,,,
2024-03-25 17:22:40,"Afternoon Workout",57m,"Chest Press (Machine)",1,90.0,8,0,0,"","",
2024-03-25 17:22:40,"Afternoon Workout",57m,"Chest Press (Machine)",2,90.0,8,0,0,,,
2024-03-25 17:22:40,"Afternoon Workout",57m,"Shoulder Press (Plate Loaded)",1,70.0,5,0,0,"",,
2024-03-25 17:22:40,"Afternoon Workout",57m,"Shoulder Press (Plate Loaded)",2,70.0,5,0,0,,,
2024-03-25 17:22:40,"Afternoon Workout",57m,"Chest Fly",1,80.0,9,0,0,"",,
2024-03-25 17:22:40,"Afternoon Workout",57m,"Chest Fly",2,90.0,6,0,0,,,
2024-03-25 17:22:40,"Afternoon Workout",57m,"Triceps Extension (Cable)",1,50.0,10,0,0,"",,
2024-03-25 17:22:40,"Afternoon Workout",57m,"Triceps Extension (Cable)",2,50.0,9,0,0,,,
2024-03-26 19:00:08,"Evening Workout",56m,"Lat Pulldown (Cable)",1,55.0,15,0,0,"","",
2024-03-26 19:00:08,"Evening Workout",56m,"Lat Pulldown (Cable)",2,60.0,15,0,0,,,
2024-03-26 19:00:08,"Evening Workout",56m,"Seated Row (Cable)",1,66.0,10,0,0,"",,
2024-03-26 19:00:08,"Evening Workout",56m,"Seated Row (Cable)",2,66.0,14,0,0,,,
2024-03-26 19:00:08,"Evening Workout",56m,"Reverse Fly (Cable)",1,20.0,13,0,0,"",,
2024-03-26 19:00:08,"Evening Workout",56m,"Reverse Fly (Cable)",2,20.0,12,0,0,,,
2024-03-26 19:00:08,"Evening Workout",56m,"Preacher Curl (Machine)",1,45.0,8,0,0,"",,
2024-03-26 19:00:08,"Evening Workout",56m,"Preacher Curl (Machine)",2,45.0,7,0,0,,,
2024-03-28 16:22:54,"Afternoon Workout",1h 24m,"Chest Press (Machine)",1,90.0,4,0,0,"","",
2024-03-28 16:22:54,"Afternoon Workout",1h 24m,"Chest Press (Machine)",2,80.0,4,0,0,,,
2024-03-28 16:22:54,"Afternoon Workout",1h 24m,"Chest Press (Machine)",3,70.0,4,0,0,,,
2024-03-28 16:22:54,"Afternoon Workout",1h 24m,"Lateral Raise (Cable)",1,5.0,8,0,0,"",,
2024-03-28 16:22:54,"Afternoon Workout",1h 24m,"Lateral Raise (Cable)",2,5.0,8,0,0,,,
2024-03-28 16:22:54,"Afternoon Workout",1h 24m,"Lateral Raise (Cable)",3,5.0,8,0,0,,,
2024-03-28 16:22:54,"Afternoon Workout",1h 24m,"Triceps Pushdown (Cable - Straight Bar)",1,32.5,12,0,0,"",,
2024-03-28 16:22:54,"Afternoon Workout",1h 24m,"Triceps Pushdown (Cable - Straight Bar)",2,32.5,11,0,0,,,
2024-03-28 16:22:54,"Afternoon Workout",1h 24m,"Triceps Pushdown (Cable - Straight Bar)",3,32.5,10,0,0,,,
2024-03-29 13:26:40,"Midday Workout",1h 38m,"Lat Pulldown (Cable)",1,60.0,12,0,0,"","",
2024-03-29 13:26:40,"Midday Workout",1h 38m,"Lat Pulldown (Cable)",2,60.0,12,0,0,,,
2024-03-29 13:26:40,"Midday Workout",1h 38m,"Lat Pulldown (Cable)",3,60.0,12,0,0,,,
2024-03-29 13:26:40,"Midday Workout",1h 38m,"Seated Row (Cable)",1,60.0,15,0,0,"",,
2024-03-29 13:26:40,"Midday Workout",1h 38m,"Seated Row (Cable)",2,66.0,15,0,0,,,
2024-03-29 13:26:40,"Midday Workout",1h 38m,"Seated Row (Cable)",3,71.0,15,0,0,,,
2024-03-29 13:26:40,"Midday Workout",1h 38m,"Seated Row (Machine)",1,60.0,15,0,0,"",,
2024-03-29 13:26:40,"Midday Workout",1h 38m,"Seated Row (Machine)",2,70.0,15,0,0,,,
2024-03-29 13:26:40,"Midday Workout",1h 38m,"Seated Row (Machine)",3,80.0,15,0,0,,,
2024-03-29 13:26:40,"Midday Workout",1h 38m,"Preacher Curl (Machine)",1,45.0,10,0,0,"",,
2024-03-29 13:26:40,"Midday Workout",1h 38m,"Preacher Curl (Machine)",2,45.0,9,0,0,,,
2024-03-29 13:26:40,"Midday Workout",1h 38m,"Preacher Curl (Machine)",3,45.0,8,0,0,,,
2024-04-01 16:06:05,"Afternoon Workout",1h 41m,"Chest Press (Machine)",1,90.0,10,0,0,"","",
2024-04-01 16:06:05,"Afternoon Workout",1h 41m,"Chest Press (Machine)",2,110.0,5,0,0,,,
2024-04-01 16:06:05,"Afternoon Workout",1h 41m,"Chest Fly",1,95.0,7,0,0,"",,
2024-04-01 16:06:05,"Afternoon Workout",1h 41m,"Chest Fly",2,95.00000000000001,6,0,0,,,
2024-04-01 16:06:05,"Afternoon Workout",1h 41m,"Lateral Raise (Machine)",1,45.0,11,0,0,"",,
2024-04-01 16:06:05,"Afternoon Workout",1h 41m,"Lateral Raise (Machine)",2,50.0,7,0,0,,,
2024-04-01 16:06:05,"Afternoon Workout",1h 41m,"Lateral Raise (Machine)",3,50.0,7,0,0,,,
2024-04-01 16:06:05,"Afternoon Workout",1h 41m,"Triceps Extension",1,13.0,15,0,0,"",,
2024-04-01 16:06:05,"Afternoon Workout",1h 41m,"Triceps Extension",2,17.0,8,0,0,,,
2024-04-01 16:06:05,"Afternoon Workout",1h 41m,"Triceps Extension",3,17.0,9,0,0,,,
2024-04-02 22:01:43,"Evening Workout",1h 7m,"Lat Pulldown (Cable)",1,70.0,10,0,0,"","",
2024-04-02 22:01:43,"Evening Workout",1h 7m,"Lat Pulldown (Cable)",2,70.0,10,0,0,,,
2024-04-02 22:01:43,"Evening Workout",1h 7m,"Lat Pulldown (Cable)",3,80.0,8,0,0,,,
2024-04-02 22:01:43,"Evening Workout",1h 7m,"Seated Row (Cable)",1,77.0,15,0,0,"",,
2024-04-02 22:01:43,"Evening Workout",1h 7m,"Seated Row (Cable)",2,82.0,15,0,0,,,
2024-04-02 22:01:43,"Evening Workout",1h 7m,"Seated Row (Cable)",3,93.0,9,0,0,,,
2024-04-02 22:01:43,"Evening Workout",1h 7m,"Reverse Fly (Cable)",1,20.0,15,0,0,"",,
2024-04-02 22:01:43,"Evening Workout",1h 7m,"Reverse Fly (Cable)",2,25.0,6,0,0,,,
2024-04-02 22:01:43,"Evening Workout",1h 7m,"Reverse Fly (Cable)",3,30.0,7,0,0,,,
2024-04-02 22:01:43,"Evening Workout",1h 7m,"Preacher Curl (Machine)",1,50.0,9,0,0,"",,
2024-04-02 22:01:43,"Evening Workout",1h 7m,"Preacher Curl (Machine)",2,50.0,8,0,0,,,
2024-04-02 22:01:43,"Evening Workout",1h 7m,"Preacher Curl (Machine)",3,50.0,7,0,0,,,
2024-04-03 18:28:34,"Evening Workout",1h 29m,"Seated Leg Curl (Machine)",1,50.0,12,0,0,"","",
2024-04-03 18:28:34,"Evening Workout",1h 29m,"Seated Leg Curl (Machine)",2,55.0,11,0,0,,,
2024-04-03 18:28:34,"Evening Workout",1h 29m,"Hack Squat",1,90.0,10,0,0,"",,
2024-04-03 18:28:34,"Evening Workout",1h 29m,"Hack Squat",2,120.0,8,0,0,,,
2024-04-03 18:28:34,"Evening Workout",1h 29m,"Hack Squat",3,130.0,8,0,0,,,
2024-04-03 18:28:34,"Evening Workout",1h 29m,"Romanian Deadlift (Barbell)",1,90.0,6,0,0,"",,
2024-04-03 18:28:34,"Evening Workout",1h 29m,"Romanian Deadlift (Barbell)",2,70.0,9,0,0,,,
2024-04-03 18:28:34,"Evening Workout",1h 29m,"Leg Extension (Machine)",1,60.0,2,0,0,"",,
2024-04-03 18:28:34,"Evening Workout",1h 29m,"Leg Extension (Machine)",2,50.0,6,0,0,,,
2024-04-08 13:18:13,"Midday Workout",1h 3m,"Incline Chest Press (Machine)",1,70.0,4,0,0,"","",
2024-04-08 13:18:13,"Midday Workout",1h 3m,"Incline Chest Press (Machine)",2,60.0,7,0,0,,,
2024-04-08 13:18:13,"Midday Workout",1h 3m,"Chest Fly",1,100.0,8,0,0,"",,
2024-04-08 13:18:13,"Midday Workout",1h 3m,"Chest Fly",2,100.0,6,0,0,,,
2024-04-08 13:18:13,"Midday Workout",1h 3m,"Lateral Raise (Machine)",1,55.0,7,0,0,"",,
2024-04-08 13:18:13,"Midday Workout",1h 3m,"Lateral Raise (Machine)",2,55.0,7,0,0,,,
2024-04-08 13:18:13,"Midday Workout",1h 3m,"Lateral Raise (Machine)",3,55.0,8,0,0,,,
2024-04-08 13:18:13,"Midday Workout",1h 3m,"Triceps Extension (Cable)",1,50.0,13,0,0,"",,
2024-04-08 13:18:13,"Midday Workout",1h 3m,"Triceps Extension (Cable)",2,60.0,7,0,0,,,
2024-04-08 13:18:13,"Midday Workout",1h 3m,"Triceps Extension (Cable)",3,60.0,8,0,0,,,
2024-04-10 18:43:29,"Evening Workout",1h 29m,"Lat Pulldown (Cable)",1,82.0,9,0,0,"","",
2024-04-10 18:43:29,"Evening Workout",1h 29m,"Lat Pulldown (Cable)",2,88.0,7,0,0,,,
2024-04-10 18:43:29,"Evening Workout",1h 29m,"Seated Row (Cable)",1,99.0,9,0,0,"",,
2024-04-10 18:43:29,"Evening Workout",1h 29m,"Seated Row (Cable)",2,104.0,7,0,0,,,
2024-04-10 18:43:29,"Evening Workout",1h 29m,"Seated Row (Cable)",3,104.0,6,0,0,,,
2024-04-10 18:43:29,"Evening Workout",1h 29m,"Seated Row (Machine)",1,100.0,12,0,0,"",,
2024-04-10 18:43:29,"Evening Workout",1h 29m,"Seated Row (Machine)",2,110.0,8,0,0,,,
2024-04-10 18:43:29,"Evening Workout",1h 29m,"Seated Row (Machine)",3,110.0,8,0,0,,,
2024-04-10 18:43:29,"Evening Workout",1h 29m,"Preacher Curl (Machine)",1,50.0,9,0,0,"",,
2024-04-10 18:43:29,"Evening Workout",1h 29m,"Preacher Curl (Machine)",2,50.0,9,0,0,,,
2024-04-10 18:43:29,"Evening Workout",1h 29m,"Preacher Curl (Machine)",3,50.0,7,0,0,,,
2024-04-11 18:23:56,"Evening Workout",1h 1m,"Chest Press (Machine)",1,100.0,8,0,0,"","",
2024-04-11 18:23:56,"Evening Workout",1h 1m,"Chest Press (Machine)",2,100.0,8,0,0,,,
2024-04-11 18:23:56,"Evening Workout",1h 1m,"Chest Fly",1,100.0,7,0,0,"",,
2024-04-11 18:23:56,"Evening Workout",1h 1m,"Chest Fly",2,90.0,6,0,0,,,
2024-04-11 18:23:56,"Evening Workout",1h 1m,"Lateral Raise (Machine)",1,60.0,7,0,0,"",,
2024-04-11 18:23:56,"Evening Workout",1h 1m,"Lateral Raise (Machine)",2,60.0,6,0,0,,,
2024-04-11 18:23:56,"Evening Workout",1h 1m,"Lateral Raise (Machine)",3,60.0,7,0,0,,,
2024-04-11 18:23:56,"Evening Workout",1h 1m,"Triceps Dip (Assisted)",1,120.0,8,0,0,"",,
2024-04-11 18:23:56,"Evening Workout",1h 1m,"Triceps Dip (Assisted)",2,120.0,7,0,0,,,
2024-04-11 18:23:56,"Evening Workout",1h 1m,"Triceps Dip (Assisted)",3,120.0,8,0,0,,,
2024-04-12 16:35:35,"Afternoon Workout",54m,"Seated Leg Curl (Machine)",1,55.0,12,0,0,"","",
2024-04-12 16:35:35,"Afternoon Workout",54m,"Seated Leg Curl (Machine)",2,65.0,8,0,0,,,
2024-04-12 16:35:35,"Afternoon Workout",54m,"Pendulum Squats",1,35.0,8,0,0,"",,
2024-04-12 16:35:35,"Afternoon Workout",54m,"Pendulum Squats",2,35.0,6,0,0,,,
2024-04-12 16:35:35,"Afternoon Workout",54m,"Leg Extension (Machine)",1,60.0,10,0,0,"",,
2024-04-12 16:35:35,"Afternoon Workout",54m,"Leg Extension (Machine)",2,65.0,10,0,0,,,
2024-04-12 16:35:35,"Afternoon Workout",54m,"Leg Extension (Machine)",3,70.0,12,0,0,,,
2024-04-13 23:04:10,"Evening Workout",1h 3m,"Lat Pulldown (Cable)",1,88.0,7,0,0,"","",
2024-04-13 23:04:10,"Evening Workout",1h 3m,"Lat Pulldown (Cable)",2,88.0,6,0,0,,,
2024-04-13 23:04:10,"Evening Workout",1h 3m,"Lat Pulldown (Cable)",3,88.0,5,0,0,,,
2024-04-13 23:04:10,"Evening Workout",1h 3m,"Seated Row (Machine)",1,110.0,11,0,0,"",,
2024-04-13 23:04:10,"Evening Workout",1h 3m,"Seated Row (Machine)",2,110.0,10,0,0,,,
2024-04-13 23:04:10,"Evening Workout",1h 3m,"Seated Row (Machine)",3,110.0,12,0,0,,,
2024-04-13 23:04:10,"Evening Workout",1h 3m,"Preacher Curl (Machine)",1,50.0,10,0,0,"",,
2024-04-13 23:04:10,"Evening Workout",1h 3m,"Preacher Curl (Machine)",2,50.0,9,0,0,,,
2024-04-13 23:04:10,"Evening Workout",1h 3m,"Preacher Curl (Machine)",3,50.0,8,0,0,,,
2024-04-15 17:09:06,"Afternoon Workout",1h 9m,"Chest Press (Machine)",1,110.0,7,0,0,"","",
2024-04-15 17:09:06,"Afternoon Workout",1h 9m,"Chest Press (Machine)",2,110.0,6,0,0,,,
2024-04-15 17:09:06,"Afternoon Workout",1h 9m,"Incline Chest Press (Machine)",1,100.0,10,0,0,"",,
2024-04-15 17:09:06,"Afternoon Workout",1h 9m,"Incline Chest Press (Machine)",2,120.0,4,0,0,,,
2024-04-15 17:09:06,"Afternoon Workout",1h 9m,"Lateral Raise (Machine)",1,60.0,8,0,0,"",,
2024-04-15 17:09:06,"Afternoon Workout",1h 9m,"Lateral Raise (Machine)",2,60.0,7,0,0,,,
2024-04-15 17:09:06,"Afternoon Workout",1h 9m,"Lateral Raise (Machine)",3,60.0,7,0,0,,,
2024-04-15 17:09:06,"Afternoon Workout",1h 9m,"Triceps Dip (Assisted)",1,110.0,6,0,0,"",,
2024-04-15 17:09:06,"Afternoon Workout",1h 9m,"Triceps Dip (Assisted)",2,110.0,7,0,0,,,
2024-04-15 17:09:06,"Afternoon Workout",1h 9m,"Triceps Dip (Assisted)",3,110.0,7,0,0,,,
2024-04-16 21:28:03,"Evening Workout",1h 18m,"Lat Pulldown (Cable)",1,80.0,7,0,0,"","",
2024-04-16 21:28:03,"Evening Workout",1h 18m,"Lat Pulldown (Cable)",2,80.0,9,0,0,,,
2024-04-16 21:28:03,"Evening Workout",1h 18m,"Lat Pulldown (Cable)",3,80.0,9,0,0,,,
2024-04-16 21:28:03,"Evening Workout",1h 18m,"Seated Row (Cable)",1,104.0,9,0,0,"",,
2024-04-16 21:28:03,"Evening Workout",1h 18m,"Seated Row (Cable)",2,104.0,10,0,0,,,
2024-04-16 21:28:03,"Evening Workout",1h 18m,"Seated Row (Cable)",3,104.0,9,0,0,,,
2024-04-16 21:28:03,"Evening Workout",1h 18m,"Reverse Fly (Cable)",1,30.0,8,0,0,"",,
2024-04-16 21:28:03,"Evening Workout",1h 18m,"Reverse Fly (Cable)",2,30.0,8,0,0,,,
2024-04-16 21:28:03,"Evening Workout",1h 18m,"Reverse Fly (Cable)",3,30.0,7,0,0,,,
2024-04-16 21:28:03,"Evening Workout",1h 18m,"Preacher Curl (Machine)",1,55.0,10,0,0,"",,
2024-04-16 21:28:03,"Evening Workout",1h 18m,"Preacher Curl (Machine)",2,55.0,9,0,0,,,
2024-04-16 21:28:03,"Evening Workout",1h 18m,"Preacher Curl (Machine)",3,55.0,7,0,0,,,
2024-04-16 21:28:03,"Evening Workout",1h 18m,"Standing Calf Raise (Machine)",1,200.0,10,0,0,"",,
2024-04-17 16:14:14,"Afternoon Workout",1h 22m,"Seated Leg Curl (Machine)",1,70.0,10,0,0,"","",
2024-04-17 16:14:14,"Afternoon Workout",1h 22m,"Seated Leg Curl (Machine)",2,70.0,10,0,0,,,
2024-04-17 16:14:14,"Afternoon Workout",1h 22m,"Hack Squat",1,130.0,8,0,0,"",,
2024-04-17 16:14:14,"Afternoon Workout",1h 22m,"Hack Squat",2,140.0,6,0,0,,,
2024-04-17 16:14:14,"Afternoon Workout",1h 22m,"Leg Extension (Machine)",1,80.0,11,0,0,"",,
2024-04-17 16:14:14,"Afternoon Workout",1h 22m,"Leg Extension (Machine)",2,90.0,8,0,0,,,
2024-04-17 16:14:14,"Afternoon Workout",1h 22m,"Leg Extension (Machine)",3,95.0,9,0,0,,,
2024-04-17 16:14:14,"Afternoon Workout",1h 22m,"Hip Adductor (Machine)",1,60.0,12,0,0,"",,
2024-04-17 16:14:14,"Afternoon Workout",1h 22m,"Hip Adductor (Machine)",2,90.0,15,0,0,,,
2024-04-17 16:14:14,"Afternoon Workout",1h 22m,"Hip Adductor (Machine)",3,110.0,20,0,0,,,
2024-04-18 19:07:24,"Evening Workout",1h 21m,"Incline Bench Press (Smith Machine)",1,90.0,7,0,0,"","",
2024-04-18 19:07:24,"Evening Workout",1h 21m,"Incline Bench Press (Smith Machine)",2,90.0,3,0,0,,,
2024-04-18 19:07:24,"Evening Workout",1h 21m,"Incline Bench Press (Smith Machine)",3,90.0,2,0,0,,,
2024-04-18 19:07:24,"Evening Workout",1h 21m,"Chest Fly",1,80.0,13,0,0,"",,
2024-04-18 19:07:24,"Evening Workout",1h 21m,"Chest Fly",2,90.0,10,0,0,,,
2024-04-18 19:07:24,"Evening Workout",1h 21m,"Shoulder Press (Plate Loaded)",1,70.0,9,0,0,"",,
2024-04-18 19:07:24,"Evening Workout",1h 21m,"Shoulder Press (Plate Loaded)",2,70.0,6,0,0,,,
2024-04-18 19:07:24,"Evening Workout",1h 21m,"Shoulder Press (Plate Loaded)",3,70.0,8,0,0,,,
2024-04-20 22:44:14,"Evening Workout",1h 22m,"Lat Pulldown (Cable)",1,88.0,8,0,0,"","",
2024-04-20 22:44:14,"Evening Workout",1h 22m,"Lat Pulldown (Cable)",2,88.0,10,0,0,,,
2024-04-20 22:44:14,"Evening Workout",1h 22m,"Lat Pulldown (Cable)",3,93.0,7,0,0,,,
2024-04-20 22:44:14,"Evening Workout",1h 22m,"Hammer Strength Row",1,90.0,12,0,0,"",,
2024-04-20 22:44:14,"Evening Workout",1h 22m,"Hammer Strength Row",2,140.0,12,0,0,,,
2024-04-20 22:44:14,"Evening Workout",1h 22m,"Seated Row (Machine)",1,120.0,12,0,0,"",,
2024-04-20 22:44:14,"Evening Workout",1h 22m,"Seated Row (Machine)",2,130.0,6,0,0,,,
2024-04-20 22:44:14,"Evening Workout",1h 22m,"Seated Row (Machine)",3,140.0,4,0,0,,,
2024-04-20 22:44:14,"Evening Workout",1h 22m,"Hammer Curl (Dumbbell)",1,25.0,7,0,0,"",,
2024-04-20 22:44:14,"Evening Workout",1h 22m,"Hammer Curl (Dumbbell)",2,25.0,6,0,0,,,
2024-04-20 22:44:14,"Evening Workout",1h 22m,"Hammer Curl (Dumbbell)",3,25.0,6,0,0,,,
2024-04-22 15:38:40,"Afternoon Workout",1h 38m,"Chest Press (Machine)",1,110.0,9,0,0,"","",
2024-04-22 15:38:40,"Afternoon Workout",1h 38m,"Chest Press (Machine)",2,120.0,5,0,0,,,
2024-04-22 15:38:40,"Afternoon Workout",1h 38m,"Incline Bench Press (Smith Machine)",1,90.0,5,0,0,"",,
2024-04-22 15:38:40,"Afternoon Workout",1h 38m,"Incline Bench Press (Smith Machine)",2,90.0,5,0,0,,,
2024-04-22 15:38:40,"Afternoon Workout",1h 38m,"Shoulder Press (Plate Loaded)",1,80.0,6,0,0,"",,
2024-04-22 15:38:40,"Afternoon Workout",1h 38m,"Shoulder Press (Plate Loaded)",2,80.0,5,0,0,,,
2024-04-22 15:38:40,"Afternoon Workout",1h 38m,"Shoulder Press (Plate Loaded)",3,80.0,5,0,0,,,
2024-04-22 15:38:40,"Afternoon Workout",1h 38m,"Triceps Extension (Cable)",1,66.0,12,0,0,"",,
2024-04-22 15:38:40,"Afternoon Workout",1h 38m,"Triceps Extension (Cable)",2,71.0,10,0,0,,,
2024-04-22 15:38:40,"Afternoon Workout",1h 38m,"Triceps Extension (Cable)",3,77.0,7,0,0,,,
2024-04-23 20:51:45,"Evening Workout",1h 30m,"Lat Pulldown (Cable)",1,93.0,9,0,0,"","",
2024-04-23 20:51:45,"Evening Workout",1h 30m,"Lat Pulldown (Cable)",2,71.0,8,0,0,,,
2024-04-23 20:51:45,"Evening Workout",1h 30m,"Lat Pulldown (Cable)",3,71.0,8,0,0,,,
2024-04-23 20:51:45,"Evening Workout",1h 30m,"Seated Row (Cable)",1,88.0,12,0,0,"",,
2024-04-23 20:51:45,"Evening Workout",1h 30m,"Seated Row (Cable)",2,99.0,12,0,0,,,
2024-04-23 20:51:45,"Evening Workout",1h 30m,"Seated Row (Cable)",3,104.0,10,0,0,,,
2024-04-23 20:51:45,"Evening Workout",1h 30m,"Reverse Fly (Cable)",1,30.0,10,0,0,"",,
2024-04-23 20:51:45,"Evening Workout",1h 30m,"Reverse Fly (Cable)",2,30.0,9,0,0,,,
2024-04-23 20:51:45,"Evening Workout",1h 30m,"Reverse Fly (Cable)",3,30.0,8,0,0,,,
2024-04-23 20:51:45,"Evening Workout",1h 30m,"Preacher Curl (Machine)",1,60.0,7,0,0,"",,
2024-04-23 20:51:45,"Evening Workout",1h 30m,"Preacher Curl (Machine)",2,60.0,6,0,0,,,
2024-04-23 20:51:45,"Evening Workout",1h 30m,"Preacher Curl (Machine)",3,60.0,5,0,0,,,
2024-04-24 19:19:21,"Evening Workout",48m,"Lying Leg Curl (Machine)",1,80.0,10,0,0,"","",
2024-04-24 19:19:21,"Evening Workout",48m,"Lying Leg Curl (Machine)",2,90.0,11,0,0,,,
2024-04-24 19:19:21,"Evening Workout",48m,"Hack Squat",1,140.0,7,0,0,"",,
2024-04-24 19:19:21,"Evening Workout",48m,"Hack Squat",2,140.0,6,0,0,,,
2024-04-30 16:43:10,"Afternoon Workout",1h 22m,"Chest Press (Machine)",1,120.0,6,0,0,"","",
2024-04-30 16:43:10,"Afternoon Workout",1h 22m,"Chest Press (Machine)",2,120.0,7,0,0,,,
2024-04-30 16:43:10,"Afternoon Workout",1h 22m,"Incline Chest Press (Machine)",1,120.0,3,0,0,"",,
2024-04-30 16:43:10,"Afternoon Workout",1h 22m,"Incline Chest Press (Machine)",2,100.0,6,0,0,,,
2024-04-30 16:43:10,"Afternoon Workout",1h 22m,"Lateral Raise (Machine)",1,65.0,5,0,0,"",,
2024-04-30 16:43:10,"Afternoon Workout",1h 22m,"Lateral Raise (Machine)",2,60.0,5,0,0,,,
2024-04-30 16:43:10,"Afternoon Workout",1h 22m,"Lateral Raise (Machine)",3,55.0,7,0,0,,,
2024-04-30 16:43:10,"Afternoon Workout",1h 22m,"Triceps Extension (Cable)",1,60.0,7,0,0,"",,
2024-04-30 16:43:10,"Afternoon Workout",1h 22m,"Triceps Extension (Cable)",2,50.0,12,0,0,,,
2024-04-30 16:43:10,"Afternoon Workout",1h 22m,"Triceps Extension (Cable)",3,60.0,7,0,0,,,
2024-05-01 19:50:18,"Evening Workout",53m,"Lat Pulldown (Cable)",1,71.0,12,0,0,"","",
2024-05-01 19:50:18,"Evening Workout",53m,"Lat Pulldown (Cable)",2,82.0,10,0,0,,,
2024-05-01 19:50:18,"Evening Workout",53m,"Lat Pulldown (Cable)",3,82.0,15,0,0,,,
2024-05-01 19:50:18,"Evening Workout",53m,"Iso-Lateral Row (Machine)",1,110.0,12,0,0,"",,
2024-05-01 19:50:18,"Evening Workout",53m,"Iso-Lateral Row (Machine)",2,140.0,10,0,0,,,
2024-05-01 19:50:18,"Evening Workout",53m,"Seated Row (Machine)",1,130.0,12,0,0,"",,
2024-05-01 19:50:18,"Evening Workout",53m,"Seated Row (Machine)",2,140.0,12,0,0,,,
2024-05-01 19:50:18,"Evening Workout",53m,"Hammer Curl (Dumbbell)",1,30.0,4,0,0,"",,
2024-05-05 20:12:22,"Evening Workout",1h,"Incline Bench Press (Smith Machine)",1,90.0,4,0,0,"","",
2024-05-05 20:12:22,"Evening Workout",1h,"Incline Bench Press (Smith Machine)",2,70.0,9,0,0,,,
2024-05-05 20:12:22,"Evening Workout",1h,"Chest Press (Machine)",1,120.0,7,0,0,"",,
2024-05-05 20:12:22,"Evening Workout",1h,"Chest Press (Machine)",2,120.0,6,0,0,,,
2024-05-05 20:12:22,"Evening Workout",1h,"Lateral Raise (Machine)",1,55.0,10,0,0,"",,
2024-05-05 20:12:22,"Evening Workout",1h,"Lateral Raise (Machine)",2,60.0,7,0,0,,,
2024-05-05 20:12:22,"Evening Workout",1h,"Lateral Raise (Machine)",3,60.0,7,0,0,,,
2024-05-06 19:13:24,"Evening Workout",1h 12m,"Lat Pulldown (Cable)",1,88.0,12,0,0,"","",
2024-05-06 19:13:24,"Evening Workout",1h 12m,"Lat Pulldown (Cable)",2,93.0,12,0,0,,,
2024-05-06 19:13:24,"Evening Workout",1h 12m,"Lat Pulldown (Cable)",3,99.0,8,0,0,,,
2024-05-06 19:13:24,"Evening Workout",1h 12m,"Seated Row (Cable)",1,99.0,11,0,0,"",,
2024-05-06 19:13:24,"Evening Workout",1h 12m,"Seated Row (Cable)",2,104.0,10,0,0,,,
2024-05-06 19:13:24,"Evening Workout",1h 12m,"Seated Row (Machine)",1,100.0,12,0,0,"",,
2024-05-06 19:13:24,"Evening Workout",1h 12m,"Seated Row (Machine)",2,110.0,12,0,0,,,
2024-05-06 19:13:24,"Evening Workout",1h 12m,"Seated Row (Machine)",3,120.0,8,0,0,,,
2024-05-06 19:13:24,"Evening Workout",1h 12m,"Bicep Curl (Cable)",1,50.0,12,0,0,"",,
2024-05-06 19:13:24,"Evening Workout",1h 12m,"Bicep Curl (Cable)",2,60.0,12,0,0,,,
2024-05-06 19:13:24,"Evening Workout",1h 12m,"Bicep Curl (Cable)",3,70.0,8,0,0,,,
2024-05-07 19:22:49,"Evening Workout",59m,"Pendulum Squats",1,35.0,8,0,0,"","",
2024-05-07 19:22:49,"Evening Workout",59m,"Pendulum Squats",2,40.0,6,0,0,,,
2024-05-07 19:22:49,"Evening Workout",59m,"Pendulum Squats",3,40.0,5,0,0,,,
2024-05-07 19:22:49,"Evening Workout",59m,"Seated Leg Curl (Machine)",1,80.0,6,0,0,"",,
2024-05-07 19:22:49,"Evening Workout",59m,"Seated Leg Curl (Machine)",2,65.0,8,0,0,,,
2024-05-07 19:22:49,"Evening Workout",59m,"Seated Leg Curl (Machine)",3,65.0,8,0,0,,,
2024-05-07 19:22:49,"Evening Workout",59m,"Leg Extension (Machine)",1,100.0,10,0,0,"",,
2024-05-07 19:22:49,"Evening Workout",59m,"Leg Extension (Machine)",2,105.0,7,0,0,,,
2024-05-07 19:22:49,"Evening Workout",59m,"Leg Extension (Machine)",3,105.0,6,0,0,,,
2024-05-07 19:22:49,"Evening Workout",59m,"Seated Calf Raise (Plate Loaded)",1,45.0,12,0,0,"",,
2024-05-09 15:38:11,"Afternoon Workout",1h 20m,"Incline Bench Press (Smith Machine)",1,70.0,12,0,0,"","",
2024-05-09 15:38:11,"Afternoon Workout",1h 20m,"Incline Bench Press (Smith Machine)",2,80.0,7,0,0,,,
2024-05-09 15:38:11,"Afternoon Workout",1h 20m,"Chest Press (Machine)",1,120.0,11,0,0,"",,
2024-05-09 15:38:11,"Afternoon Workout",1h 20m,"Chest Press (Machine)",2,140.0,5,0,0,,,
2024-05-09 15:38:11,"Afternoon Workout",1h 20m,"Lateral Raise (Machine)",1,55.0,9,0,0,"",,
2024-05-09 15:38:11,"Afternoon Workout",1h 20m,"Lateral Raise (Machine)",2,55.0,9,0,0,,,
2024-05-09 15:38:11,"Afternoon Workout",1h 20m,"Lateral Raise (Machine)",3,55.0,9,0,0,,,
2024-05-09 15:38:11,"Afternoon Workout",1h 20m,"Triceps Extension (Cable)",1,40.0,12,0,0,"",,
2024-05-09 15:38:11,"Afternoon Workout",1h 20m,"Triceps Extension (Cable)",2,40.0,12,0,0,,,
2024-05-09 15:38:11,"Afternoon Workout",1h 20m,"Triceps Extension (Cable)",3,50.0,12,0,0,,,
2024-05-13 15:49:36,"Afternoon Workout",1h 20m,"Lat Pulldown (Cable)",1,99.0,10,0,0,"","",
2024-05-13 15:49:36,"Afternoon Workout",1h 20m,"Lat Pulldown (Cable)",2,104.0,8,0,0,,,
2024-05-13 15:49:36,"Afternoon Workout",1h 20m,"Seated Row (Cable)",1,110.0,9,0,0,"",,
2024-05-13 15:49:36,"Afternoon Workout",1h 20m,"Seated Row (Cable)",2,115.0,8,0,0,,,
2024-05-13 15:49:36,"Afternoon Workout",1h 20m,"Seated Row (Cable)",3,121.0,7,0,0,,,
2024-05-13 15:49:36,"Afternoon Workout",1h 20m,"Seated Row (Machine)",1,130.0,8,0,0,"",,
2024-05-13 15:49:36,"Afternoon Workout",1h 20m,"Seated Row (Machine)",2,130.0,9,0,0,,,
2024-05-13 15:49:36,"Afternoon Workout",1h 20m,"Seated Row (Machine)",3,130.0,7,0,0,,,
2024-05-13 15:49:36,"Afternoon Workout",1h 20m,"Preacher Curl (Machine)",1,50.0,9,0,0,"",,
2024-05-13 15:49:36,"Afternoon Workout",1h 20m,"Preacher Curl (Machine)",2,50.0,9,0,0,,,
2024-05-13 15:49:36,"Afternoon Workout",1h 20m,"Preacher Curl (Machine)",3,50.0,7,0,0,,,
2024-05-14 19:29:03,"Evening Workout",58m,"Seated Leg Curl (Machine)",1,65.0,10,0,0,"","",
2024-05-14 19:29:03,"Evening Workout",58m,"Seated Leg Curl (Machine)",2,65.0,12,0,0,,,
2024-05-14 19:29:03,"Evening Workout",58m,"Leg Press",1,90.0,12,0,0,"",,
2024-05-14 19:29:03,"Evening Workout",58m,"Leg Press",2,180.0,12,0,0,,,
2024-05-14 19:29:03,"Evening Workout",58m,"Leg Press",3,230.0,12,0,0,,,
2024-05-14 19:29:03,"Evening Workout",58m,"Leg Extension (Machine)",1,60.0,12,0,0,"",,
2024-05-14 19:29:03,"Evening Workout",58m,"Leg Extension (Machine)",2,70.0,12,0,0,,,
2024-05-14 19:29:03,"Evening Workout",58m,"Leg Extension (Machine)",3,80.0,12,0,0,,,
2024-05-16 21:06:28,"Evening Workout",1h 12m,"Chest Press (Machine)",1,140.0,7,0,0,"","",
2024-05-16 21:06:28,"Evening Workout",1h 12m,"Chest Press (Machine)",2,140.0,5,0,0,,,
2024-05-16 21:06:28,"Evening Workout",1h 12m,"Chest Fly",1,70.0,13,0,0,"",,
2024-05-16 21:06:28,"Evening Workout",1h 12m,"Chest Fly",2,80.0,12,0,0,,,
2024-05-16 21:06:28,"Evening Workout",1h 12m,"Chest Fly",3,90.0,10,0,0,,,
2024-05-16 21:06:28,"Evening Workout",1h 12m,"Shoulder Press (Plate Loaded)",1,80.0,6,0,0,"",,
2024-05-16 21:06:28,"Evening Workout",1h 12m,"Shoulder Press (Plate Loaded)",2,70.0,7,0,0,,,
2024-05-16 21:06:28,"Evening Workout",1h 12m,"Shoulder Press (Plate Loaded)",3,70.0,6,0,0,,,
2024-05-16 21:06:28,"Evening Workout",1h 12m,"Triceps Pushdown (Cable - Straight Bar)",1,66.0,12,0,0,"",,
2024-05-16 21:06:28,"Evening Workout",1h 12m,"Triceps Pushdown (Cable - Straight Bar)",2,71.0,8,0,0,,,
2024-05-31 12:42:35,"Midday Workout",59m,"Chest Press (Machine)",1,110.0,8,0,0,"","",
2024-05-31 12:42:35,"Midday Workout",59m,"Chest Press (Machine)",2,120.0,6,0,0,,,
2024-05-31 12:42:35,"Midday Workout",59m,"Incline Chest Press (Machine)",1,100.0,7,0,0,"",,
2024-05-31 12:42:35,"Midday Workout",59m,"Incline Chest Press (Machine)",2,100.0,7,0,0,,,
2024-05-31 12:42:35,"Midday Workout",59m,"Lateral Raise (Machine)",1,55.0,9,0,0,"",,
2024-05-31 12:42:35,"Midday Workout",59m,"Lateral Raise (Machine)",2,60.0,5,0,0,,,
2024-05-31 12:42:35,"Midday Workout",59m,"Lateral Raise (Machine)",3,60.0,5,0,0,,,
2024-05-31 12:42:35,"Midday Workout",59m,"Triceps Extension (Cable)",1,60.0,12,0,0,"",,
2024-05-31 12:42:35,"Midday Workout",59m,"Triceps Extension (Cable)",2,70.0,10,0,0,,,
2024-06-01 11:35:42,"Morning Workout",1h 30m,"Lat Pulldown (Cable)",1,99.0,11,0,0,"","",
2024-06-01 11:35:42,"Morning Workout",1h 30m,"Lat Pulldown (Cable)",2,104.0,8,0,0,,,
2024-06-01 11:35:42,"Morning Workout",1h 30m,"Lat Pulldown (Cable)",3,104.0,8,0,0,,,
2024-06-01 11:35:42,"Morning Workout",1h 30m,"Iso-Lateral Row (Machine)",1,95.0,5,0,0,"",,
2024-06-01 11:35:42,"Morning Workout",1h 30m,"Iso-Lateral Row (Machine)",2,90.0,6,0,0,,,
2024-06-01 11:35:42,"Morning Workout",1h 30m,"Seated Row (Machine)",1,130.0,10,0,0,"",,
2024-06-01 11:35:42,"Morning Workout",1h 30m,"Seated Row (Machine)",2,130.0,9,0,0,,,
2024-06-01 11:35:42,"Morning Workout",1h 30m,"Seated Row (Machine)",3,130.0,9,0,0,,,
2024-06-01 11:35:42,"Morning Workout",1h 30m,"Preacher Curl (Machine)",1,50.0,10,0,0,"",,
2024-06-01 11:35:42,"Morning Workout",1h 30m,"Preacher Curl (Machine)",2,50.0,8,0,0,,,
2024-06-01 11:35:42,"Morning Workout",1h 30m,"Preacher Curl (Machine)",3,50.0,9,0,0,,,
2024-07-01 19:48:51,"Evening Workout",1h 38m,"Chest Press (Machine)",1,90.0,12,0,0,"","",
2024-07-01 19:48:51,"Evening Workout",1h 38m,"Chest Press (Machine)",2,100.0,12,0,0,,,
2024-07-01 19:48:51,"Evening Workout",1h 38m,"Chest Fly",1,80.0,12,0,0,"",,
2024-07-01 19:48:51,"Evening Workout",1h 38m,"Chest Fly",2,90.0,10,0,0,,,
2024-07-01 19:48:51,"Evening Workout",1h 38m,"Chest Fly",3,90.0,6,0,0,,,
2024-07-01 19:48:51,"Evening Workout",1h 38m,"Lateral Raise (Machine)",1,50.0,10,0,0,"",,
2024-07-01 19:48:51,"Evening Workout",1h 38m,"Lateral Raise (Machine)",2,50.0,9,0,0,,,
2024-07-01 19:48:51,"Evening Workout",1h 38m,"Lateral Raise (Machine)",3,50.0,9,0,0,,,
2024-07-01 19:48:51,"Evening Workout",1h 38m,"Triceps Extension (Cable)",1,50.0,15,0,0,"",,
2024-07-01 19:48:51,"Evening Workout",1h 38m,"Triceps Extension (Cable)",2,60.0,12,0,0,,,
2024-07-01 19:48:51,"Evening Workout",1h 38m,"Triceps Extension (Cable)",3,70.0,7,0,0,,,
2024-07-02 17:28:00,"Afternoon Workout",1h 26m,"Lat Pulldown (Cable)",1,88.0,12,0,0,"","",
2024-07-02 17:28:00,"Afternoon Workout",1h 26m,"Lat Pulldown (Cable)",2,77.0,15,0,0,,,
2024-07-02 17:28:00,"Afternoon Workout",1h 26m,"Lat Pulldown (Cable)",3,66.0,15,0,0,,,
2024-07-02 17:28:00,"Afternoon Workout",1h 26m,"Iso-Lateral Row (Machine)",1,45.0,12,0,0,"",,
2024-07-02 17:28:00,"Afternoon Workout",1h 26m,"Iso-Lateral Row (Machine)",2,50.0,12,0,0,,,
2024-07-02 17:28:00,"Afternoon Workout",1h 26m,"Iso-Lateral Row (Machine)",3,50.0,15,0,0,,,
2024-07-02 17:28:00,"Afternoon Workout",1h 26m,"Reverse Fly (Cable)",1,13.0,10,0,0,"",,
2024-07-02 17:28:00,"Afternoon Workout",1h 26m,"Reverse Fly (Cable)",2,13.0,9,0,0,,,
2024-07-02 17:28:00,"Afternoon Workout",1h 26m,"Reverse Fly (Cable)",3,13.0,8,0,0,,,
2024-07-02 17:28:00,"Afternoon Workout",1h 26m,"Preacher Curl (Machine)",1,40.0,8,0,0,"",,
2024-07-02 17:28:00,"Afternoon Workout",1h 26m,"Preacher Curl (Machine)",2,40.0,9,0,0,,,
2024-07-02 17:28:00,"Afternoon Workout",1h 26m,"Preacher Curl (Machine)",3,40.0,8,0,0,,,
2024-07-03 16:03:30,"Afternoon Workout",31m,"Squat (Smith Machine)",1,50.0,8,0,0,"","",
2024-07-03 16:03:30,"Afternoon Workout",31m,"Squat (Smith Machine)",2,50.0,8,0,0,,,
2024-07-03 16:03:30,"Afternoon Workout",31m,"Leg Extension (Machine)",1,40.0,15,0,0,"",,
2024-07-03 16:03:30,"Afternoon Workout",31m,"Leg Extension (Machine)",2,50.0,15,0,0,,,
2024-07-03 16:03:30,"Afternoon Workout",31m,"Leg Extension (Machine)",3,60.0,15,0,0,,,
2024-07-06 13:02:46,"Midday Workout",1h 18m,"Chest Press (Machine)",1,110.0,12,0,0,"","",
2024-07-06 13:02:46,"Midday Workout",1h 18m,"Chest Press (Machine)",2,120.0,6,0,0,,,
2024-07-06 13:02:46,"Midday Workout",1h 18m,"Chest Fly",1,90.0,10,0,0,"",,
2024-07-06 13:02:46,"Midday Workout",1h 18m,"Chest Fly",2,90.0,9,0,0,,,
2024-07-06 13:02:46,"Midday Workout",1h 18m,"Shoulder Press (Plate Loaded)",1,70.0,8,0,0,"",,
2024-07-06 13:02:46,"Midday Workout",1h 18m,"Shoulder Press (Plate Loaded)",2,70.0,8,0,0,,,
2024-07-06 13:02:46,"Midday Workout",1h 18m,"Shoulder Press (Plate Loaded)",3,70.0,7,0,0,,,
2024-07-06 13:02:46,"Midday Workout",1h 18m,"Cable Pulldown",1,40.0,15,0,0,"",,
2024-07-06 13:02:46,"Midday Workout",1h 18m,"Cable Pulldown",2,50.0,14,0,0,,,
2024-07-06 13:02:46,"Midday Workout",1h 18m,"Cable Pulldown",3,60.0,12,0,0,,,
2024-07-07 14:53:51,"Afternoon Workout",54m,"Lat Pulldown (Cable)",1,100.0,10,0,0,"","",
2024-07-07 14:53:51,"Afternoon Workout",54m,"Lat Pulldown (Cable)",2,110.0,7,0,0,,,
2024-07-07 14:53:51,"Afternoon Workout",54m,"Lat Pulldown (Cable)",3,105.0,7,0,0,,,
2024-07-07 14:53:51,"Afternoon Workout",54m,"Seated Row (Machine)",1,90.0,15,0,0,"",,
2024-07-07 14:53:51,"Afternoon Workout",54m,"Seated Row (Machine)",2,100.0,15,0,0,,,
2024-07-07 14:53:51,"Afternoon Workout",54m,"Seated Row (Machine)",3,110.0,9,0,0,,,
2024-07-07 14:53:51,"Afternoon Workout",54m,"Preacher Curl (Machine)",1,50.0,12,0,0,"",,
2024-07-07 14:53:51,"Afternoon Workout",54m,"Preacher Curl (Machine)",2,65.0,10,0,0,,,
2024-07-07 14:53:51,"Afternoon Workout",54m,"Preacher Curl (Machine)",3,70.0,8,0,0,,,
2024-07-09 19:30:53,"Evening Workout",1h 22m,"Incline Bench Press (Smith Machine)",1,70.0,10,0,0,"","",
2024-07-09 19:30:53,"Evening Workout",1h 22m,"Incline Bench Press (Smith Machine)",2,70.0,12,0,0,,,
2024-07-09 19:30:53,"Evening Workout",1h 22m,"Chest Fly",1,100.0,10,0,0,"",,
2024-07-09 19:30:53,"Evening Workout",1h 22m,"Chest Fly",2,100.0,9,0,0,,,
2024-07-09 19:30:53,"Evening Workout",1h 22m,"Lateral Raise (Machine)",1,55.0,10,0,0,"",,
2024-07-09 19:30:53,"Evening Workout",1h 22m,"Lateral Raise (Machine)",2,55.0,9,0,0,,,
2024-07-09 19:30:53,"Evening Workout",1h 22m,"Lateral Raise (Machine)",3,55.0,9,0,0,,,
2024-07-09 19:30:53,"Evening Workout",1h 22m,"Triceps Pushdown (Cable - Straight Bar)",1,70.0,15,0,0,"",,
2024-07-09 19:30:53,"Evening Workout",1h 22m,"Triceps Pushdown (Cable - Straight Bar)",2,80.0,6,0,0,,,
2024-07-09 19:30:53,"Evening Workout",1h 22m,"Triceps Pushdown (Cable - Straight Bar)",3,80.0,15,0,0,,,
2024-07-16 00:38:57,"Midnight Workout",1h 19m,"Lat Pulldown (Cable)",1,110.0,5,0,0,"","",
2024-07-16 00:38:57,"Midnight Workout",1h 19m,"Lat Pulldown (Cable)",2,99.0,9,0,0,,,
2024-07-16 00:38:57,"Midnight Workout",1h 19m,"Iso-Lateral Row (Machine)",1,90.0,4,0,0,"",,
2024-07-16 00:38:57,"Midnight Workout",1h 19m,"Iso-Lateral Row (Machine)",2,80.0,8,0,0,,,
2024-07-16 00:38:57,"Midnight Workout",1h 19m,"Iso-Lateral Row (Machine)",3,80.0,8,0,0,,,
2024-07-16 00:38:57,"Midnight Workout",1h 19m,"Seated Row (Machine)",1,110.0,12,0,0,"",,
2024-07-16 00:38:57,"Midnight Workout",1h 19m,"Seated Row (Machine)",2,120.0,10,0,0,,,
2024-07-16 00:38:57,"Midnight Workout",1h 19m,"Preacher Curl (Machine)",1,70.0,1,0,0,"",,
2024-07-16 00:38:57,"Midnight Workout",1h 19m,"Preacher Curl (Machine)",2,60.0,5,0,0,,,
2024-08-08 13:26:41,"Midday Workout",1h 11m,"Chest Press (Machine)",1,110.0,8,0,0,"","",
2024-08-08 13:26:41,"Midday Workout",1h 11m,"Chest Press (Machine)",2,120.0,7,0,0,,,
2024-08-08 13:26:41,"Midday Workout",1h 11m,"Incline Bench Press (Barbell)",1,74.99999999999999,6,0,0,"",,
2024-08-08 13:26:41,"Midday Workout",1h 11m,"Incline Bench Press (Barbell)",2,74.99999999999999,6,0,0,,,
2024-08-08 13:26:41,"Midday Workout",1h 11m,"Lateral Raise (Cable)",1,10.0,10,0,0,"",,
2024-08-08 13:26:41,"Midday Workout",1h 11m,"Lateral Raise (Cable)",2,10.0,10,0,0,,,
2024-08-08 13:26:41,"Midday Workout",1h 11m,"Lateral Raise (Cable)",3,10.0,9,0,0,,,
2024-08-08 13:26:41,"Midday Workout",1h 11m,"Triceps Pushdown (Cable - Straight Bar)",1,88.0,6,0,0,"",,
2024-08-08 13:26:41,"Midday Workout",1h 11m,"Triceps Pushdown (Cable - Straight Bar)",2,77.0,12,0,0,,,
2024-08-08 13:26:41,"Midday Workout",1h 11m,"Triceps Pushdown (Cable - Straight Bar)",3,88.0,10,0,0,,,
2024-08-09 13:19:23,"Midday Workout",1h 12m,"Lat Pulldown (Cable)",1,90.0,7,0,0,"","",
2024-08-09 13:19:23,"Midday Workout",1h 12m,"Lat Pulldown (Cable)",2,90.0,6,0,0,,,
2024-08-09 13:19:23,"Midday Workout",1h 12m,"Lat Pulldown (Cable)",3,90.0,6,0,0,,,
2024-08-09 13:19:23,"Midday Workout",1h 12m,"Seated Row (Cable)",1,99.0,10,0,0,"",,
2024-08-09 13:19:23,"Midday Workout",1h 12m,"Seated Row (Cable)",2,110.0,6,0,0,,,
2024-08-09 13:19:23,"Midday Workout",1h 12m,"Seated Row (Cable)",3,104.0,7,0,0,,,
2024-08-09 13:19:23,"Midday Workout",1h 12m,"Seated Row (Machine)",1,100.0,12,0,0,"",,
2024-08-09 13:19:23,"Midday Workout",1h 12m,"Seated Row (Machine)",2,110.0,9,0,0,,,
2024-08-09 13:19:23,"Midday Workout",1h 12m,"Seated Row (Machine)",3,110.0,9,0,0,,,
2024-08-09 13:19:23,"Midday Workout",1h 12m,"Preacher Curl (Machine)",1,40.0,8,0,0,"",,
2024-08-09 13:19:23,"Midday Workout",1h 12m,"Preacher Curl (Machine)",2,40.0,7,0,0,,,
2024-08-09 13:19:23,"Midday Workout",1h 12m,"Preacher Curl (Machine)",3,40.0,6,0,0,,,
2024-08-28 18:02:19,"Evening Workout",1h 49m,"Chest Press (Machine)",1,100.0,12,0,0,"","",
2024-08-28 18:02:19,"Evening Workout",1h 49m,"Chest Press (Machine)",2,110.0,11,0,0,,,
2024-08-28 18:02:19,"Evening Workout",1h 49m,"Chest Press (Machine)",3,120.0,7,0,0,,,
2024-08-28 18:02:19,"Evening Workout",1h 49m,"Chest Fly",1,80.0,12,0,0,"",,
2024-08-28 18:02:19,"Evening Workout",1h 49m,"Chest Fly",2,90.0,12,0,0,,,
2024-08-28 18:02:19,"Evening Workout",1h 49m,"Chest Fly",3,100.0,8,0,0,,,
2024-08-28 18:02:19,"Evening Workout",1h 49m,"Seated Overhead Press (Dumbbell)",1,20.0,10,0,0,"",,
2024-08-28 18:02:19,"Evening Workout",1h 49m,"Seated Overhead Press (Dumbbell)",2,20.0,10,0,0,,,
2024-08-28 18:02:19,"Evening Workout",1h 49m,"Seated Overhead Press (Dumbbell)",3,20.0,13,0,0,,,
2024-08-28 18:02:19,"Evening Workout",1h 49m,"Lateral Raise (Cable)",1,7.0,13,0,0,"",,
2024-08-28 18:02:19,"Evening Workout",1h 49m,"Lateral Raise (Cable)",2,10.0,9,0,0,,,
2024-08-28 18:02:19,"Evening Workout",1h 49m,"Lateral Raise (Cable)",3,10.0,8,0,0,,,
2024-08-28 18:02:19,"Evening Workout",1h 49m,"Triceps Extension",1,50.0,10,0,0,"",,
2024-08-28 18:02:19,"Evening Workout",1h 49m,"Triceps Extension",2,50.0,8,0,0,,,
2024-08-28 18:02:19,"Evening Workout",1h 49m,"Triceps Extension",3,50.0,9,0,0,,,
2024-08-28 18:02:19,"Evening Workout",1h 49m,"Triceps Extension (Cable)",1,30.0,7,0,0,"",,
2024-08-28 18:02:19,"Evening Workout",1h 49m,"Triceps Extension (Cable)",2,30.0,8,0,0,,,
2024-08-28 18:02:19,"Evening Workout",1h 49m,"Triceps Extension (Cable)",3,30.0,6,0,0,,,
